"rows","measures","projected_cells","diff_rate","key_shape","batch","construction_elapsed_s","column_summary_elapsed_s","row_summary_elapsed_s","cells_bytes","comparison_bytes","construction_peak_r_heap_bytes","column_summary_peak_r_heap_bytes","row_summary_peak_r_heap_bytes","cells_bytes_per_cell","construction_peak_r_heap_bytes_per_cell","status"
1000,5,5000,0,"unique","all",0.038,0.00700000000000001,0.0379999999999998,324240,431576,66718736,52040096,74801736,64.848,13343.7472,"completed"
10000,20,2e+05,0.01,"unique","all",0.179,0.0250000000000001,0.37,12805080,16184968,115718296,90503600,110239704,64.0254,578.59148,"completed"
50000,20,1e+06,0,"unique","all",0.616,0.081,1.533,64005080,80824968,363775024,244102560,193890856,64.00508,363.775024,"completed"
50000,20,1e+06,0.2,"unique","all",0.619,0.0800000000000001,1.522,64005080,80824968,363761896,244103600,194149104,64.00508,363.761896,"completed"
50000,20,1e+06,0.01,"duplicated","all",0.748,0.0780000000000001,1.556,68005336,85125224,376753256,248643656,198620904,68.005336,376.753256,"completed"
100000,20,2e+06,0.001,"unique","all",1.155,0.15,3.596,128005080,161624968,646149824,436103600,298519704,64.00254,323.074912,"completed"
100000,20,2e+06,0.001,"unique","5",1.19,0.15,3.199,128005080,161624968,454296064,436190776,298544536,64.00254,227.148032,"completed"
100000,50,5e+06,0.01,"unique","all",2.468,0.394,3.389,320006760,401643928,1563046000,1002265064,599821144,64.001352,312.6092,"completed"
100000,50,5e+06,0.01,"unique","5",2.398,0.369,3.662,320006760,401643928,972711352,1002352240,599844144,64.001352,194.5422704,"completed"
